N20,total,A/edit,G/edit,T/edit
CCACACGATGCTGGGAGGCC,15589,0.080808081,0.121212121,0.797979798