N20,total,A/edit,G/edit,T/edit
CCATTCTGAACTACAAGTGC,16291,0.007275132,0.630952381,0.361772487